"DESCRIPTION","DURATION IN MS","NAME","PARENT SUITE","START TIME","STATUS","STOP TIME","SUB SUITE","SUITE","TEST CLASS","TEST METHOD"
"","1776","verify order completion flow with data set 2-JaneSmith 54321","chromium","2026-09-27","failed","2026-09-27","checkout page tests","saucedemo/checkout-datadriven.spec.ts","",""
"","1647","Remove product by name and verify cart count","chromium","2026-09-27","passed","2026-09-27","Products page Tests","saucedemo/products.spec.ts","",""
"","1743","verify order completion flow with data set 1-JohnDoe 12345","chromium","2026-09-27","failed","2026-09-27","checkout page tests","saucedemo/checkout-datadriven.spec.ts","",""
"","1792","sort products by price low to high and verify sorting","chromium","2026-09-27","passed","2026-09-27","Products page Tests","saucedemo/products.spec.ts","",""
"","1740","Verify cancel button in checkout overview page","chromium","2026-09-27","failed","2026-09-27","checkout page tests","saucedemo/checkout.spec.ts","",""
"","1746","verify order completion flow with data set 3-sekharts 560045","chromium","2026-09-27","failed","2026-09-27","checkout page tests","saucedemo/checkout-csv-datadriven.spec.ts","",""
"","1819","verify cancel button functionality on checkout page","chromium","2026-09-27","failed","2026-09-27","checkout page tests","saucedemo/checkout.spec.ts","",""
"","534","should show error with invalid credentials","chromium","2026-09-27","passed","2026-09-27","Login Tests","saucedemo/login.spec.ts","",""
"","522","should show error with locked out credentials","chromium","2026-09-27","passed","2026-09-27","Login Tests","saucedemo/login.spec.ts","",""
"","1854","verify order completion flow","chromium","2026-09-27","failed","2026-09-27","checkout page tests","saucedemo/checkout.spec.ts","",""
"","1809","remove product from cart and verify cart count","chromium","2026-09-27","failed","2026-09-27","Cart page tests","saucedemo/cartpage.spec.ts","",""
"","1780","verify order completion flow with data set 3-AliceJohnson 67890","chromium","2026-09-27","failed","2026-09-27","checkout page tests","saucedemo/checkout-datadriven.spec.ts","",""
"","2741","Add all products to cart and verify cart count","chromium","2026-09-27","failed","2026-09-27","Products page Tests","saucedemo/products.spec.ts","",""
"","1783","verify order completion flow with data set 1-JohnDoe 60543","chromium","2026-09-27","failed","2026-09-27","checkout page tests","saucedemo/checkout-csv-datadriven.spec.ts","",""
"","1815","Add products to cart and verify cart count","chromium","2026-09-27","passed","2026-09-27","Products page Tests","saucedemo/products.spec.ts","",""
"","1776","verify order completion flow with data set 2-rameshch 560049","chromium","2026-09-27","failed","2026-09-27","checkout page tests","saucedemo/checkout-csv-datadriven.spec.ts","",""
"","1712","should display products and verfy product list","chromium","2026-09-27","passed","2026-09-27","Products page Tests","saucedemo/products.spec.ts","",""
"","1730","should login with valid credentials","chromium","2026-09-27","passed","2026-09-27","Login Tests","saucedemo/login.spec.ts","",""
"","1645","Navigate to cart page","chromium","2026-09-27","passed","2026-09-27","Products page Tests","saucedemo/products.spec.ts","",""
"","1810","click on continue shopping button and verify navigation to product page","chromium","2026-09-27","failed","2026-09-27","Cart page tests","saucedemo/cartpage.spec.ts","",""
"","2054","click on checkout button and verify navigation to checkout page","chromium","2026-09-27","failed","2026-09-27","Cart page tests","saucedemo/cartpage.spec.ts","",""
"","1587","Add product by name and verify cart count","chromium","2026-09-27","passed","2026-09-27","Products page Tests","saucedemo/products.spec.ts","",""
